{"cameraMode":{"drawMode":0,"name":"Shaded","section":"Shading Mode"},"sceneLighting":true,"audioPlay":false,"sceneViewState":{"showFog":true,"showMaterialUpdate":false,"showSkybox":true,"showFlares":true,"showImageEffects":true,"showParticleSystems":true},"in2DMode":false,"pivot":{"x":0.029999999329447748,"y":1.0299999713897706,"z":-4.041999816894531},"rotation":{"x":-0.05285238102078438,"y":-0.7998894453048706,"z":0.071225106716156,"w":-0.593557596206665},"size":16.02863121032715,"orthographic":false}